phase,court,building,floor,flat,lat,lng,heading,altitude,altitudeStatus,horizontalConfidence,verticalConfidence,flytoUrl
1,"樂湖居",1,3,"A",22.451151,114.001635,61.4,16.7,"estimated","moderate","low","https://3d.map.gov.hk/mapviewer/app/map?flyto=22.451151,114.001635,16.7,61.4,0.1,0&l=zh-HK"
1,"樂湖居",1,3,"B",22.451135,114.001645,61.4,16.7,"estimated","moderate","low","https://3d.map.gov.hk/mapviewer/app/map?flyto=22.451135,114.001645,16.7,61.4,0.1,0&l=zh-HK"
1,"樂湖居",1,3,"C",22.451001,114.001599,155.6,16.7,"estimated","moderate","low","https://3d.map.gov.hk/mapviewer/app/map?flyto=22.451001,114.001599,16.7,155.6,0.1,0&l=zh-HK"
1,"樂湖居",1,3,"D",22.450993,114.001581,155.6,16.7,"estimated","moderate","low","https://3d.map.gov.hk/mapviewer/app/map?flyto=22.450993,114.001581,16.7,155.6,0.1,0&l=zh-HK"
1,"樂湖居",1,3,"E",22.451043,114.00143,238.7,16.7,"estimated","moderate","low","https://3d.map.gov.hk/mapviewer/app/map?flyto=22.451043,114.00143,16.7,238.7,0.1,0&l=zh-HK"
1,"樂湖居",1,3,"F",22.451057,114.001421,238.7,16.7,"estimated","moderate","low","https://3d.map.gov.hk/mapviewer/app/map?flyto=22.451057,114.001421,16.7,238.7,0.1,0&l=zh-HK"
1,"樂湖居",1,3,"G",22.451188,114.001466,334.7,16.7,"estimated","moderate","low","https://3d.map.gov.hk/mapviewer/app/map?flyto=22.451188,114.001466,16.7,334.7,0.1,0&l=zh-HK"
1,"樂湖居",1,3,"H",22.451195,114.001482,334.7,16.7,"estimated","moderate","low","https://3d.map.gov.hk/mapviewer/app/map?flyto=22.451195,114.001482,16.7,334.7,0.1,0&l=zh-HK"
2,"賞湖居",1,3,"A",22.452561,114.001686,236.6,17.6,"estimated","moderate","low","https://3d.map.gov.hk/mapviewer/app/map?flyto=22.452561,114.001686,17.6,236.6,0.1,0&l=zh-HK"
2,"賞湖居",1,3,"B",22.452546,114.001697,236.6,17.6,"estimated","moderate","low","https://3d.map.gov.hk/mapviewer/app/map?flyto=22.452546,114.001697,17.6,236.6,0.1,0&l=zh-HK"
2,"賞湖居",1,3,"C",22.4525,114.001843,154.1,17.6,"estimated","moderate","low","https://3d.map.gov.hk/mapviewer/app/map?flyto=22.4525,114.001843,17.6,154.1,0.1,0&l=zh-HK"
2,"賞湖居",1,3,"D",22.452512,114.001857,154.1,17.6,"estimated","moderate","low","https://3d.map.gov.hk/mapviewer/app/map?flyto=22.452512,114.001857,17.6,154.1,0.1,0&l=zh-HK"
2,"賞湖居",1,3,"E",22.452647,114.001902,61.6,17.6,"estimated","moderate","low","https://3d.map.gov.hk/mapviewer/app/map?flyto=22.452647,114.001902,17.6,61.6,0.1,0&l=zh-HK"
2,"賞湖居",1,3,"F",22.452662,114.001894,61.6,17.6,"estimated","moderate","low","https://3d.map.gov.hk/mapviewer/app/map?flyto=22.452662,114.001894,17.6,61.6,0.1,0&l=zh-HK"
2,"賞湖居",1,3,"G",22.452704,114.001751,335.3,17.6,"estimated","moderate","low","https://3d.map.gov.hk/mapviewer/app/map?flyto=22.452704,114.001751,17.6,335.3,0.1,0&l=zh-HK"
2,"賞湖居",1,3,"H",22.452697,114.001735,335.3,17.6,"estimated","moderate","low","https://3d.map.gov.hk/mapviewer/app/map?flyto=22.452697,114.001735,17.6,335.3,0.1,0&l=zh-HK"
3,"翠湖居",1,3,"A",22.457368,113.999092,195.2,20.2,"estimated","moderate","low","https://3d.map.gov.hk/mapviewer/app/map?flyto=22.457368,113.999092,20.2,195.2,0.1,0&l=zh-HK"
3,"翠湖居",1,3,"B",22.457373,113.999073,195.2,20.2,"estimated","moderate","low","https://3d.map.gov.hk/mapviewer/app/map?flyto=22.457373,113.999073,20.2,195.2,0.1,0&l=zh-HK"
3,"翠湖居",1,3,"C",22.457502,113.999001,283.2,20.2,"estimated","moderate","low","https://3d.map.gov.hk/mapviewer/app/map?flyto=22.457502,113.999001,20.2,283.2,0.1,0&l=zh-HK"
3,"翠湖居",1,3,"D",22.457517,113.999005,283.2,20.2,"estimated","moderate","low","https://3d.map.gov.hk/mapviewer/app/map?flyto=22.457517,113.999005,20.2,283.2,0.1,0&l=zh-HK"
3,"翠湖居",1,3,"E",22.457587,113.999145,16.9,20.2,"estimated","moderate","low","https://3d.map.gov.hk/mapviewer/app/map?flyto=22.457587,113.999145,20.2,16.9,0.1,0&l=zh-HK"
3,"翠湖居",1,3,"F",22.457582,113.999162,16.9,20.2,"estimated","moderate","low","https://3d.map.gov.hk/mapviewer/app/map?flyto=22.457582,113.999162,20.2,16.9,0.1,0&l=zh-HK"
3,"翠湖居",1,3,"G",22.457455,113.999235,108,20.2,"estimated","moderate","low","https://3d.map.gov.hk/mapviewer/app/map?flyto=22.457455,113.999235,20.2,108,0.1,0&l=zh-HK"
3,"翠湖居",1,3,"H",22.457439,113.999229,108,20.2,"estimated","moderate","low","https://3d.map.gov.hk/mapviewer/app/map?flyto=22.457439,113.999229,20.2,108,0.1,0&l=zh-HK"
5,"麗湖居",1,3,"A",22.458722,114.004239,173,16.7,"estimated","low","low","https://3d.map.gov.hk/mapviewer/app/map?flyto=22.458722,114.004239,16.7,173,0.1,0&l=zh-HK"
5,"麗湖居",1,3,"B",22.45872,114.00422,173,16.7,"estimated","low","low","https://3d.map.gov.hk/mapviewer/app/map?flyto=22.45872,114.00422,16.7,173,0.1,0&l=zh-HK"
5,"麗湖居",1,3,"C",22.458813,114.004105,266.2,16.7,"estimated","low","low","https://3d.map.gov.hk/mapviewer/app/map?flyto=22.458813,114.004105,16.7,266.2,0.1,0&l=zh-HK"
5,"麗湖居",1,3,"D",22.458829,114.004104,266.2,16.7,"estimated","low","low","https://3d.map.gov.hk/mapviewer/app/map?flyto=22.458829,114.004104,16.7,266.2,0.1,0&l=zh-HK"
5,"麗湖居",1,3,"E",22.458936,114.004199,355.4,16.7,"estimated","low","low","https://3d.map.gov.hk/mapviewer/app/map?flyto=22.458936,114.004199,16.7,355.4,0.1,0&l=zh-HK"
5,"麗湖居",1,3,"F",22.458937,114.004216,355.4,16.7,"estimated","low","low","https://3d.map.gov.hk/mapviewer/app/map?flyto=22.458937,114.004216,16.7,355.4,0.1,0&l=zh-HK"
5,"麗湖居",1,3,"G",22.458847,114.004332,82.7,16.7,"estimated","low","low","https://3d.map.gov.hk/mapviewer/app/map?flyto=22.458847,114.004332,16.7,82.7,0.1,0&l=zh-HK"
5,"麗湖居",1,3,"H",22.458832,114.004334,82.7,16.7,"estimated","low","low","https://3d.map.gov.hk/mapviewer/app/map?flyto=22.458832,114.004334,16.7,82.7,0.1,0&l=zh-HK"
6,"美湖居",1,3,"A",22.46157,114.004235,263.9,22.6,"estimated","moderate","low","https://3d.map.gov.hk/mapviewer/app/map?flyto=22.46157,114.004235,22.6,263.9,0.1,0&l=zh-HK"
6,"美湖居",1,3,"B",22.461587,114.004234,263.9,22.6,"estimated","moderate","low","https://3d.map.gov.hk/mapviewer/app/map?flyto=22.461587,114.004234,22.6,263.9,0.1,0&l=zh-HK"
6,"美湖居",1,3,"C",22.461692,114.004333,356.3,22.6,"estimated","moderate","low","https://3d.map.gov.hk/mapviewer/app/map?flyto=22.461692,114.004333,22.6,356.3,0.1,0&l=zh-HK"
6,"美湖居",1,3,"D",22.461693,114.00435,356.3,22.6,"estimated","moderate","low","https://3d.map.gov.hk/mapviewer/app/map?flyto=22.461693,114.00435,22.6,356.3,0.1,0&l=zh-HK"
6,"美湖居",1,3,"E",22.461605,114.004462,82.6,22.6,"estimated","moderate","low","https://3d.map.gov.hk/mapviewer/app/map?flyto=22.461605,114.004462,22.6,82.6,0.1,0&l=zh-HK"
6,"美湖居",1,3,"F",22.46159,114.004464,82.6,22.6,"estimated","moderate","low","https://3d.map.gov.hk/mapviewer/app/map?flyto=22.46159,114.004464,22.6,82.6,0.1,0&l=zh-HK"
6,"美湖居",1,3,"G",22.461484,114.004368,174.8,22.6,"estimated","moderate","low","https://3d.map.gov.hk/mapviewer/app/map?flyto=22.461484,114.004368,22.6,174.8,0.1,0&l=zh-HK"
6,"美湖居",1,3,"H",22.461482,114.00435,174.8,22.6,"estimated","moderate","low","https://3d.map.gov.hk/mapviewer/app/map?flyto=22.461482,114.00435,22.6,174.8,0.1,0&l=zh-HK"
7,"景湖居",1,3,"A",22.460884,114.007541,354.2,21.4,"estimated","moderate","low","https://3d.map.gov.hk/mapviewer/app/map?flyto=22.460884,114.007541,21.4,354.2,0.1,0&l=zh-HK"
7,"景湖居",1,3,"B",22.460886,114.007559,354.2,21.4,"estimated","moderate","low","https://3d.map.gov.hk/mapviewer/app/map?flyto=22.460886,114.007559,21.4,354.2,0.1,0&l=zh-HK"
7,"景湖居",1,3,"C",22.460793,114.007675,85.1,21.4,"estimated","moderate","low","https://3d.map.gov.hk/mapviewer/app/map?flyto=22.460793,114.007675,21.4,85.1,0.1,0&l=zh-HK"
7,"景湖居",1,3,"D",22.460777,114.007676,85.1,21.4,"estimated","moderate","low","https://3d.map.gov.hk/mapviewer/app/map?flyto=22.460777,114.007676,21.4,85.1,0.1,0&l=zh-HK"
7,"景湖居",1,3,"E",22.46067,114.007578,173.8,21.4,"estimated","moderate","low","https://3d.map.gov.hk/mapviewer/app/map?flyto=22.46067,114.007578,21.4,173.8,0.1,0&l=zh-HK"
7,"景湖居",1,3,"F",22.460668,114.007562,173.8,21.4,"estimated","moderate","low","https://3d.map.gov.hk/mapviewer/app/map?flyto=22.460668,114.007562,21.4,173.8,0.1,0&l=zh-HK"
7,"景湖居",1,3,"G",22.460759,114.007447,267,21.4,"estimated","moderate","low","https://3d.map.gov.hk/mapviewer/app/map?flyto=22.460759,114.007447,21.4,267,0.1,0&l=zh-HK"
7,"景湖居",1,3,"H",22.460775,114.007446,267,21.4,"estimated","moderate","low","https://3d.map.gov.hk/mapviewer/app/map?flyto=22.460775,114.007446,21.4,267,0.1,0&l=zh-HK"
